book_name,writer_name
চিঠি,রিদা
পাহাড়ের চূড়া,eshrat imroz
পথশিশু,রিদা
সুবিমলবাবুর স্মরণীয় বাস জার্নি,Anik Biswas
কে তুমি  (শেষ পর্ব ),Easin Arfat Moin
টিভিকথন,Anik Biswas
আমি(শেষপর্ব),eshrat imroz
আমি (পর্ব৭),eshrat imroz
আমি (পর্ব৬),eshrat imroz
আমি (পর্ব৫),eshrat imroz
আসক্তি,Anik Biswas
আমি (পর্ব৪),eshrat imroz
প্রিয় জয়ন্ত স্যার,Anik Biswas
আমি (পর্ব৩),eshrat imroz
আমি (পর্ব২),eshrat imroz
আমি চঞ্চলা,Anik
আমি,eshrat imroz
জিহাদ বাবু,eshrat imroz
রোহান বিল্লা,eshrat imroz
তুমি অন্যনা (শেষ পর্ব),eshrat imroz
নীল দ্বীপ (শেষ পর্ব),eshrat imroz
নীল দ্বীপ (পর্ব ৭),eshrat imroz
অপেক্ষা,রিদা
আমি এমনই,Anik Biswas
তুমি অন্যনা (পর্ব ৭),eshrat imroz
নীল দ্বীপ (পর্ব ৬),eshrat imroz
নীল দ্বীপ (পর্ব৩),eshrat imroz
পরীক্ষার পূর্বদিন,Anik Biswas
তুমি অনন্যা  (পর্ব ৬),eshrat imroz
নীল দ্বীপ (পর্ব ৫),eshrat imroz
নীল দ্বীপ  ( পর্ব ৪),eshrat imroz
তুমি অনন্যা  (পর্ব ৫),eshrat imroz
নীল দ্বীপ (পর্ব২),eshrat imroz
নীল দ্বীপ,eshrat imroz
তুমি অনন্যা (পর্ব ৪),eshrat imroz
দেখা হয় নাই চক্ষু মেলিয়া,Anik Biswas
খাঁটি পাগল,Anik Biswas
ডাবল জিরো,Anik Biswas
তুমি অনন্যা (পর্ব ৩),eshrat imroz
রাত,Anik
তুমি অনন্যা (পর্ব ০২),eshrat imroz
তুমি অনন্যা,eshrat imroz
রিক্সাচালক,রিদা
জুতা চোর,Anik Biswas
বটমূল,রিদা
শেষ,Anik
কে তুমি,Easin Arfat Moin
আশ্চর্য এক সুগন্ধ,রিদা
ধাপ্পাবাজ বাপ্পা অথবা ধাপ্পাদা,Anik Biswas
পড়ন্ত বিকেলে...,রিদা
হাস্যকর এক কাণ্ড,Anik Biswas
অদ্ভুত-উদ্ভট,Anik Biswas
ওগো বিদেশিনী,Anik Biswas
কুলফিওয়ালা,Anik Biswas
~পিল্টু,Anik Biswas
সে.....,রিদা
মাথা ব্যাথা,Anik
দার্শনিক ফল্টুদা,Anik Biswas
নিদ্রাহীন,Anik Biswas
শিকার,Anik Biswas
ফল্টুদার পরিচয়পর্ব,Anik Biswas
প্রতিবিম্ব,Anik Biswas
ছোট দাদুর বাড়িতে কয়েকদিন.....(পর্ব ১),রিদা
কেমন আছো তুমি,Anik Biswas
পাশের বিল্ডিং এর ছাদে...,রিদা
Birthday যখন Foolday!!🎶,রিদা
আবার ফিরে দেখা,Anik Biswas
আসক্ত,Anik Biswas
কবরস্থানের মাঠে একরাত,রিদা
শুভ্র ও রাইসা,রিদা
উধাও ||  পর্ব - ২,অর্পন
প্রিয় মা,Anik Biswas
অদ্ভুতুড়ে,Anik Biswas
কে ছিল???,রিদা
উধাও  || পর্ব -১,অর্পন
নাম হীন গল্প - শেষের অংশ,বিজয় ঘোষ
সপ্ন যখন হ য ব র ল,সিকন
নাম হীন গল্প - প্রথম অংশ,বিজয় ঘোষ
আমরা তো সবাই মানুষ!!!!,রিদা
মিষ্টি ভালোবাসা,রিদা
"""রহস্যময়ী সেই ফোন কল""",Bristy
করোনা,রিদা
সব পেশাই কি সমান???,রিদা
কিছু করার নেই,Anik Biswas
ছোটগল্প,Anik Biswas
হ্যাবলা,Anik Biswas
সেদিন,Anik Biswas
চিরকুট,Anik Biswas
লায়লা,অর্পন
অর্পন,Anik
যখন সন্ধ্যা নামে,Anik Biswas
ভয়,Anik
মিঠু,Anik Biswas
কয়েকদিন হাসপাতালে,Anik Biswas
বন্ধু,Anik Biswas
অনুকথন,Anik Biswas
অ্যাক্সিডেন্ট,Anik Biswas
ভয়ের রাত,Anik Biswas
অমাবস্যার রাত,Anik
দৃষ্টিগোচর,Anik
বিলাপ,Anik
